neighborhood,Adult Boutique,Advertising Agency,Airport Service,American Restaurant,Antique Shop,Arcade,Art Gallery,Art Museum,Arts & Crafts Store,Asian Restaurant,Athletics & Sports,Automotive Shop,BBQ Joint,Bagel Shop,Bakery,Bank,Bar,Baseball Field,Basketball Court,Bed & Breakfast,Beer Bar,Beer Garden,Beer Store,Big Box Store,Bike Shop,Bookstore,Botanical Garden,Boutique,Bowling Alley,Boxing Gym,Breakfast Spot,Brewery,Bridge,Bubble Tea Shop,Burger Joint,Burrito Place,Bus Station,Business Service,Cafeteria,Caf√©,Cajun / Creole Restaurant,Camera Store,Campground,Candy Store,Cantonese Restaurant,Capitol Building,Casino,Cheese Shop,Chinese Restaurant,Clothing Store,Cocktail Bar,Coffee Shop,College Bookstore,Comedy Club,Comfort Food Restaurant,Comic Shop,Convenience Store,Cosmetics Shop,Creperie,Cuban Restaurant,Cupcake Shop,Cycle Studio,Dance Studio,Deli / Bodega,Department Store,Dessert Shop,Diner,Disc Golf,Discount Store,Dive Bar,Doctor's Office,Dog Run,Donut Shop,Eastern European Restaurant,Electronics Store,Fabric Shop,Falafel Restaurant,Farm,Farmers Market,Fast Food Restaurant,Field,Fireworks Store,Fish Market,Flea Market,Flower Shop,Fondue Restaurant,Food,Food & Drink Shop,Food Court,Food Truck,Football Stadium,French Restaurant,Fried Chicken Joint,Frozen Yogurt Shop,Furniture / Home Store,Gaming Cafe,Garden,Garden Center,Gas Station,Gastropub,General Entertainment,Gift Shop,Gluten-free Restaurant,Golf Course,Golf Driving Range,Gourmet Shop,Greek Restaurant,Grocery Store,Gun Range,Gun Shop,Gym,Gym / Fitness Center,Halal Restaurant,Hardware Store,Hawaiian Restaurant,Health & Beauty Service,Historic Site,History Museum,Hobby Shop,Home Service,Hookah Bar,Hostel,Hotel,Hotel Bar,Housing Development,Ice Cream Shop,Indian Chinese Restaurant,Indian Restaurant,Intersection,Israeli Restaurant,Italian Restaurant,Japanese Restaurant,Jewelry Store,Juice Bar,Karaoke Bar,Kids Store,Kitchen Supply Store,Korean Restaurant,Lake,Latin American Restaurant,Laundromat,Lingerie Store,Liquor Store,Lounge,Market,Massage Studio,Mattress Store,Mediterranean Restaurant,Men's Store,Mexican Restaurant,Middle Eastern Restaurant,Miscellaneous Shop,Mobile Phone Shop,Motel,Motorcycle Shop,Motorsports Shop,Mountain,Movie Theater,Multiplex,Museum,Music Store,Music Venue,Nature Preserve,New American Restaurant,Nightclub,Noodle House,Office,Optical Shop,Organic Grocery,Other Great Outdoors,Park,Pedestrian Plaza,Performing Arts Venue,Pet Service,Pet Store,Pharmacy,Pilates Studio,Pizza Place,Playground,Poke Place,Pool,Pub,Public Art,Ramen Restaurant,Record Shop,Recording Studio,Recreation Center,Rental Car Location,Rental Service,Restaurant,Rock Club,Salad Place,Salon / Barbershop,Sandwich Place,Scenic Lookout,Science Museum,Sculpture Garden,Seafood Restaurant,Shipping Store,Shoe Store,Shopping Mall,Shopping Plaza,Smoke Shop,Smoothie Shop,Snack Place,Soccer Field,Soup Place,South Indian Restaurant,Southern / Soul Food Restaurant,Spa,Speakeasy,Sporting Goods Shop,Sports Bar,Steakhouse,Storage Facility,Strip Club,Student Center,Supermarket,Supplement Shop,Sushi Restaurant,Szechuan Restaurant,Taco Place,Tailor Shop,Tapas Restaurant,Tea Room,Tennis Court,Tex-Mex Restaurant,Thai Restaurant,Theater,Theme Park,Thrift / Vintage Store,Toy / Game Store,Trail,Turkish Restaurant,Vegetarian / Vegan Restaurant,Veterinarian,Video Game Store,Video Store,Vietnamese Restaurant,Warehouse Store,Waterfall,Wine Bar,Wine Shop,Winery,Wings Joint,Women's Store,Yoga Studio,price_group
Anderson Mill,0,0,0,2,0,1,0,0,1,0,0,0,1,0,2,0,0,0,0,0,0,0,0,1,0,2,0,0,0,1,1,0,0,0,3,0,0,0,0,2,0,0,0,0,0,0,0,0,1,0,0,2,0,0,0,0,0,1,0,0,0,0,0,0,2,0,0,0,3,1,1,0,0,0,1,0,0,0,1,1,0,0,0,0,0,1,0,1,0,1,0,0,1,0,1,0,0,0,0,0,0,0,0,0,0,0,0,4,0,0,2,2,0,2,0,1,0,0,0,0,0,0,0,0,0,2,0,0,0,0,2,1,1,0,0,0,0,0,0,0,0,0,1,0,0,1,0,1,0,4,0,0,0,0,0,0,0,3,0,0,1,0,0,0,0,0,0,1,0,1,1,0,0,0,2,1,0,4,1,0,0,0,0,0,0,0,0,0,0,1,0,0,1,3,0,0,0,2,0,0,0,0,0,2,0,0,1,0,0,0,0,0,0,1,0,0,0,1,1,4,0,2,0,0,0,0,0,0,0,0,0,0,0,0,0,0,2,0,0,1,0,0,1,0,2,0,0,0
Barton Hills,0,0,0,2,0,0,1,0,0,1,0,0,2,0,0,0,1,0,0,0,0,1,0,0,0,1,1,0,0,0,1,0,0,0,2,0,0,0,0,1,0,0,0,0,0,0,0,0,0,0,0,4,0,0,0,1,0,1,1,0,0,0,0,1,0,0,0,0,0,0,0,0,0,0,0,0,0,0,1,1,0,0,0,0,0,0,0,0,0,2,0,0,0,0,0,0,0,0,0,0,0,1,0,0,0,1,0,2,0,0,2,2,0,0,0,0,0,0,1,0,0,0,0,0,0,5,0,0,0,0,1,1,0,3,0,0,0,1,1,0,0,1,1,0,0,0,0,0,0,2,0,0,0,0,0,0,0,1,0,0,0,0,0,1,0,0,0,0,0,0,1,0,0,0,1,1,1,2,1,0,3,0,0,1,1,0,0,0,0,1,0,0,1,2,1,0,0,0,0,1,0,0,0,0,0,0,1,0,0,3,0,0,1,0,0,0,0,0,0,0,0,6,0,2,0,0,1,1,1,0,0,1,5,0,3,0,1,0,1,0,0,0,0,0,0,1,1,1
Bouldin Creek,0,0,0,2,0,0,0,0,0,0,0,0,1,0,1,0,0,0,0,0,0,3,0,0,0,1,0,0,0,0,1,0,1,0,2,0,0,0,0,0,0,0,0,1,0,0,0,0,0,0,2,8,0,0,0,0,0,1,0,0,0,0,1,0,0,0,0,0,0,0,0,1,1,0,0,0,0,0,0,0,0,0,0,0,0,0,0,0,1,4,0,1,0,0,0,0,0,0,0,0,0,0,0,0,0,0,0,2,0,0,1,3,0,0,0,0,0,0,0,0,0,0,7,1,0,3,0,0,0,1,5,1,1,1,0,0,0,0,1,0,0,0,0,0,0,0,0,0,1,1,0,0,0,0,0,0,0,1,0,0,0,1,0,3,0,0,0,1,0,0,4,0,1,0,1,0,0,3,0,0,1,0,0,1,1,0,0,0,0,4,1,0,0,1,2,0,0,1,0,0,0,0,0,0,0,0,1,0,0,1,0,1,0,0,0,0,0,0,0,0,0,1,0,0,0,0,0,1,0,0,0,0,2,0,2,0,0,0,1,0,0,0,0,0,0,0,1,1
Brentwood,0,0,0,1,0,0,0,0,0,1,0,0,2,1,3,0,3,0,0,0,0,1,0,0,0,2,0,0,1,0,1,3,0,0,6,0,0,0,0,2,0,1,0,0,0,0,0,1,0,0,1,7,0,0,0,2,1,0,0,0,0,0,0,1,0,1,0,0,0,1,0,0,0,0,0,0,0,0,0,0,0,0,1,0,1,0,0,1,0,2,0,1,1,0,1,0,0,0,0,0,0,0,0,0,0,1,0,2,0,0,1,0,0,0,0,0,0,0,0,0,0,0,0,0,0,3,0,0,0,0,2,3,0,2,0,0,0,3,0,0,0,0,1,1,0,1,0,0,0,1,1,0,0,0,0,0,0,0,0,0,0,0,0,1,0,0,0,0,0,0,2,0,0,0,2,1,0,6,0,1,0,0,0,0,0,0,0,0,0,1,0,0,0,0,0,0,0,0,0,0,0,0,0,0,0,0,0,0,0,0,0,0,0,1,0,0,0,1,0,1,0,3,0,0,0,0,0,2,0,0,0,1,0,0,0,0,1,0,1,0,0,1,0,0,0,0,1,0
Bryker Woods,0,0,0,3,0,0,2,0,0,0,0,0,2,0,2,0,2,0,0,0,0,0,0,0,0,0,0,0,0,0,0,1,0,0,2,1,0,0,0,4,0,0,0,0,0,0,0,1,0,0,0,5,1,0,0,1,0,0,0,0,0,0,0,1,0,0,0,0,0,0,0,0,1,0,0,0,1,0,0,0,0,0,0,0,2,0,0,0,1,4,0,0,0,0,0,0,0,0,0,1,0,0,1,0,0,1,0,1,0,1,1,1,0,0,0,1,0,1,0,0,1,0,1,0,0,3,0,0,0,0,3,1,0,2,0,0,0,1,0,0,0,0,0,0,0,1,0,0,0,3,1,0,0,0,0,0,1,0,0,2,0,0,0,1,0,0,0,0,0,0,6,0,0,0,1,2,0,2,0,0,0,0,0,0,0,0,1,0,0,1,1,0,0,6,0,0,0,0,0,0,0,0,0,0,0,0,0,0,0,1,0,0,0,0,0,0,0,0,0,1,0,3,0,0,1,0,0,0,1,0,0,0,1,0,1,1,0,0,0,0,0,1,0,0,0,0,2,1
Canyon Creek,0,0,0,1,0,0,0,0,0,0,0,0,2,0,1,1,1,0,0,0,0,0,0,0,0,1,0,0,0,0,0,0,0,0,4,0,0,0,0,2,0,0,0,0,0,0,1,0,0,1,0,2,0,0,0,0,0,1,0,0,0,0,0,0,0,0,0,0,3,0,0,0,1,0,0,0,0,0,1,1,0,0,0,0,0,1,0,1,0,1,0,0,1,0,0,0,0,0,0,1,0,0,0,0,0,0,0,1,0,0,1,2,0,1,0,0,0,0,0,0,0,0,1,0,0,1,0,0,0,0,4,1,0,0,0,0,0,0,0,0,0,0,1,0,0,1,1,1,0,4,0,0,2,0,0,0,0,2,0,0,0,0,0,0,0,0,0,1,0,1,6,0,0,0,2,0,0,3,0,0,1,0,0,0,0,0,0,2,1,3,0,0,1,2,0,0,0,2,0,0,0,0,1,2,0,0,1,0,0,0,0,0,0,1,1,0,0,0,0,2,0,3,0,0,0,0,0,0,0,0,1,0,1,0,0,0,0,1,0,0,0,0,0,0,1,0,0,0
Circle C Ranch,0,0,0,3,0,0,0,0,0,0,0,0,0,0,0,2,1,0,1,0,0,0,0,0,0,0,1,0,0,0,0,0,0,0,1,0,0,0,0,0,0,0,0,0,0,0,0,0,0,0,0,1,0,0,0,0,2,0,0,0,0,0,0,0,0,0,0,1,0,0,0,0,0,0,0,0,0,0,0,2,0,0,0,0,0,0,0,0,0,2,0,0,0,1,0,0,2,0,0,0,0,1,0,1,0,0,0,1,0,0,0,1,0,0,0,1,0,0,0,0,0,0,0,0,0,1,0,0,1,0,0,0,0,0,0,0,0,0,0,0,0,0,2,0,0,0,0,0,0,1,0,0,1,0,0,0,0,1,0,0,0,1,1,1,0,0,0,0,0,0,3,0,0,0,1,3,0,1,0,0,4,0,0,0,0,0,0,0,0,0,0,0,1,0,0,0,0,0,1,0,0,0,0,0,0,1,0,0,0,1,0,0,1,0,0,0,0,0,0,0,0,1,0,0,0,0,0,1,0,0,0,0,3,0,0,0,1,3,0,0,0,0,0,0,0,0,1,0
Clarksville,0,0,0,3,0,0,0,1,0,0,0,0,2,0,0,0,2,0,0,0,0,0,0,0,1,1,0,0,0,0,0,0,1,0,2,0,0,0,0,2,0,0,0,0,0,2,0,0,1,0,2,5,1,0,0,0,0,1,0,0,0,1,1,0,0,0,0,0,0,0,0,1,0,0,0,0,0,0,1,0,1,0,0,0,0,0,0,0,1,1,0,1,0,0,0,0,0,0,0,0,0,0,0,0,0,0,0,4,0,0,1,1,0,0,0,0,0,1,0,0,0,0,6,1,0,2,0,0,0,1,3,1,0,2,0,0,0,0,2,0,0,0,0,1,0,0,0,0,0,4,0,0,0,0,0,0,0,2,0,1,0,0,0,2,0,0,0,0,0,0,5,0,1,0,1,0,0,0,1,0,2,0,0,0,1,0,0,0,0,2,0,0,0,2,2,0,0,2,0,0,0,0,0,0,0,0,0,0,0,1,1,1,0,1,0,0,0,0,0,0,0,0,0,0,0,0,0,0,1,0,0,0,2,0,2,0,0,0,0,0,0,0,0,0,0,0,2,1
Copperfield,1,0,1,0,0,0,0,0,1,0,0,0,0,0,1,0,0,0,0,0,0,0,0,0,0,0,0,0,0,0,3,1,0,1,1,0,0,0,0,2,1,0,0,0,1,0,0,0,3,0,0,3,0,0,0,0,3,0,0,0,0,0,0,0,0,2,0,1,2,0,0,1,2,1,1,0,0,1,0,5,0,0,0,0,0,0,0,0,0,1,0,0,2,0,0,0,1,0,1,0,1,0,0,0,0,0,1,2,0,0,1,3,1,1,0,0,0,0,0,0,1,0,3,0,0,2,0,2,0,0,0,0,1,0,0,0,0,2,0,0,0,0,0,0,0,1,0,1,0,5,0,0,0,0,0,1,0,1,0,0,0,0,0,0,0,0,0,0,0,0,1,0,0,1,1,1,0,2,0,0,0,0,0,0,0,0,0,0,0,2,0,0,0,3,0,0,0,0,0,0,0,0,0,0,0,0,1,0,0,0,0,0,0,0,0,0,0,1,0,0,0,1,0,0,0,0,0,1,0,0,0,0,1,0,0,0,0,1,3,0,0,0,0,0,0,0,0,0
Crestview,0,0,0,1,0,1,0,0,0,1,0,0,2,1,2,0,2,0,0,0,0,1,0,0,0,2,0,0,1,0,0,2,0,0,6,0,0,0,0,0,0,1,0,0,0,0,0,0,1,1,0,7,0,1,0,2,1,0,0,0,0,0,0,0,0,2,0,0,0,1,0,0,1,0,0,0,0,0,0,0,0,0,0,0,1,0,0,1,0,1,0,0,1,0,0,1,0,0,0,0,0,0,0,0,0,0,0,2,0,0,2,0,0,0,0,0,0,0,0,0,0,0,0,0,0,2,0,0,0,0,0,2,0,1,0,0,0,4,0,0,0,0,1,1,0,0,0,0,0,6,1,0,0,0,0,0,0,1,0,0,0,0,0,1,0,0,0,0,0,0,2,0,0,0,1,1,0,5,0,1,0,0,0,1,0,0,0,0,0,1,0,0,0,2,0,0,0,0,0,0,0,0,0,0,0,0,0,0,0,0,0,0,1,1,0,0,0,1,0,1,0,3,0,0,0,0,0,3,0,0,0,1,0,0,0,0,1,0,5,0,0,0,0,0,0,0,0,0
Dawson,0,0,0,1,1,0,0,0,0,0,0,0,2,0,1,0,1,0,0,0,0,1,0,0,0,1,0,1,0,0,1,2,0,0,4,1,0,0,0,0,0,0,0,1,0,0,0,0,0,0,0,10,0,0,0,1,1,0,0,0,0,0,0,1,0,0,0,0,0,0,0,0,1,0,0,0,0,0,0,1,0,0,0,0,0,0,0,0,0,3,0,1,1,0,0,0,0,1,0,0,0,0,0,0,0,0,0,0,0,0,1,2,0,0,1,0,1,0,0,0,0,0,2,1,0,5,0,0,0,0,2,1,1,2,0,0,0,1,0,0,0,0,1,0,0,0,0,0,1,3,0,0,0,0,0,0,0,1,0,0,0,1,0,2,0,0,0,1,0,0,1,0,0,0,0,0,0,3,0,0,0,0,1,1,1,0,0,0,0,1,1,0,1,0,0,0,0,1,0,1,0,0,1,0,0,0,1,0,0,0,0,0,1,0,0,1,0,0,0,0,0,7,0,2,0,1,1,1,0,0,0,0,0,0,1,0,1,0,1,0,0,0,0,0,0,0,0,1
Dove Springs,1,1,0,2,0,0,0,0,0,0,0,0,1,0,1,0,1,0,0,0,0,0,0,0,0,0,0,0,0,0,0,2,0,0,1,0,1,0,0,0,0,0,1,0,0,0,0,0,0,0,0,0,0,0,0,0,4,0,0,1,0,0,0,0,0,0,0,1,3,0,0,0,1,0,0,0,0,0,0,5,0,0,0,0,0,0,0,0,0,0,0,0,1,0,1,0,0,0,3,0,0,0,0,1,0,0,0,0,0,0,1,1,0,0,0,0,0,0,0,1,0,0,2,0,1,0,1,1,0,0,0,0,0,0,0,0,0,0,0,0,0,0,1,0,0,0,0,0,0,7,0,0,1,1,0,0,0,1,0,0,0,1,0,0,0,0,0,0,0,0,3,0,0,0,0,0,0,3,0,0,0,0,0,0,0,0,1,0,0,1,0,0,1,6,0,0,0,1,0,0,0,0,0,0,0,1,0,0,0,1,0,1,1,1,0,0,0,0,1,1,0,0,0,0,0,0,1,0,0,0,1,0,3,0,0,0,1,1,0,0,1,0,0,0,1,0,0,0
Downtown Austin,0,0,0,3,0,0,0,0,0,0,0,0,3,0,0,0,3,0,0,0,1,1,0,0,1,1,0,0,0,0,0,0,1,0,2,0,0,0,0,2,0,0,0,0,0,2,0,0,1,0,4,6,0,0,0,0,0,1,0,0,0,0,1,0,0,0,0,0,0,1,0,1,0,0,0,0,0,0,1,0,1,0,0,0,0,0,0,0,1,6,0,1,0,0,0,0,0,0,0,0,0,0,0,0,0,0,0,4,0,0,1,1,0,0,0,0,0,0,0,0,0,1,7,1,0,2,0,0,0,1,3,0,0,1,0,0,0,1,1,0,0,0,0,0,0,0,0,0,0,2,0,0,0,0,0,0,0,1,0,0,0,0,0,2,0,0,0,0,0,0,3,0,1,0,1,0,0,1,0,0,1,0,0,0,1,0,0,0,0,3,0,0,0,1,2,0,0,1,0,0,0,0,0,0,0,0,0,0,0,1,0,2,0,1,0,0,0,0,0,0,0,1,0,0,0,0,0,0,1,0,0,0,1,0,1,0,0,0,0,0,0,0,0,0,0,0,3,1
East Cesar Chavez,0,0,0,1,0,0,0,0,0,0,0,0,3,0,0,0,2,0,0,1,1,1,0,0,0,0,0,0,0,0,1,3,0,0,2,0,0,0,0,2,0,0,0,0,0,0,0,0,0,0,6,10,0,0,0,0,0,1,0,0,0,0,0,1,0,0,0,0,0,2,0,0,0,0,0,0,0,0,0,0,0,0,0,0,0,0,0,0,1,7,0,0,1,0,0,0,0,0,0,0,0,0,0,0,0,0,0,1,0,0,1,0,0,0,0,0,0,0,0,0,0,1,8,0,0,3,0,0,0,1,2,0,0,1,0,0,0,2,1,0,0,0,0,0,1,0,0,0,0,5,0,0,0,0,0,0,0,2,0,0,0,0,0,1,0,0,0,1,0,0,2,1,1,0,0,0,0,3,0,0,0,0,0,1,0,0,0,0,0,2,1,0,0,1,0,0,0,2,0,0,0,0,0,0,0,0,0,0,1,0,0,1,0,0,0,0,0,0,0,0,0,2,0,0,0,0,0,0,1,0,0,0,2,0,0,0,0,0,1,0,0,0,0,0,0,0,1,1
Easton Park,0,0,0,0,0,0,0,0,0,0,0,0,0,0,2,0,1,0,0,0,0,0,0,0,0,0,0,0,0,0,0,0,0,0,0,0,1,0,0,0,0,0,1,0,0,0,0,0,0,0,0,0,0,0,0,0,3,0,0,0,0,0,0,0,0,0,0,0,0,0,0,1,0,0,0,0,0,0,0,0,0,1,0,1,0,0,1,0,0,0,0,0,0,0,0,0,0,0,2,0,0,0,0,1,0,0,0,1,0,0,0,0,0,0,0,0,0,0,0,0,0,0,0,0,1,0,0,0,0,0,0,0,0,0,0,0,0,0,0,0,0,0,1,0,0,0,0,0,0,1,0,0,0,0,0,0,0,0,0,0,0,1,0,0,1,0,0,0,0,0,1,0,0,0,0,0,0,2,0,0,0,0,0,0,0,1,0,0,0,0,0,0,0,1,0,0,0,0,1,0,0,0,1,0,0,1,0,0,0,0,0,0,0,0,0,0,0,0,0,0,0,1,0,0,0,0,0,0,0,0,0,0,3,0,0,0,0,0,0,0,1,0,0,0,0,0,0,0
Galindo,0,0,0,1,1,0,0,0,0,0,0,0,2,0,1,0,1,0,0,0,0,1,0,0,0,1,0,0,0,0,1,2,0,0,3,1,0,0,0,1,0,0,0,1,0,0,0,0,0,0,0,11,0,0,0,1,0,0,0,0,0,0,0,1,0,0,0,0,0,0,0,0,1,0,0,0,0,0,0,1,0,0,0,0,0,0,0,0,0,3,0,1,1,0,0,0,0,1,0,0,0,1,0,0,0,0,0,1,0,0,1,2,0,0,1,0,1,0,0,0,0,0,2,1,0,5,0,0,0,0,2,1,1,2,0,0,0,1,0,0,0,0,1,0,0,0,0,0,1,3,0,0,0,0,0,0,0,1,0,0,0,1,0,2,0,0,0,1,0,0,0,0,0,0,1,1,0,4,0,0,0,0,0,1,1,0,0,0,0,1,0,0,1,0,0,0,0,1,0,0,0,0,1,0,0,0,1,0,0,0,0,0,1,0,0,1,0,0,0,0,0,7,0,2,0,1,1,1,0,0,0,0,0,0,1,0,1,0,1,0,0,0,0,0,0,0,0,1
Granada Hills,0,0,0,6,0,0,1,0,0,1,0,0,4,0,1,1,3,0,0,0,0,0,0,0,0,0,0,0,0,0,0,0,0,0,2,0,0,0,0,0,0,0,0,0,0,0,0,0,0,0,0,2,0,0,0,0,1,0,0,0,0,0,0,0,0,0,0,1,1,0,0,0,0,0,0,0,0,0,0,1,0,0,0,0,0,0,0,0,0,2,0,0,0,1,1,0,0,0,1,0,0,0,0,0,0,0,0,2,0,0,1,1,0,0,0,1,1,0,0,0,0,0,0,0,0,2,0,0,1,0,0,0,0,1,0,0,0,0,0,0,0,0,2,0,0,0,0,0,0,2,0,0,2,0,0,0,0,1,0,0,0,2,0,1,0,0,0,0,0,0,2,0,0,0,2,2,0,3,0,0,2,0,0,0,0,0,0,3,0,1,0,0,1,2,0,0,0,1,1,0,0,0,0,0,1,1,0,0,0,1,0,1,0,0,0,0,0,0,0,1,0,1,0,0,0,0,0,1,0,0,1,0,3,0,0,0,0,3,0,0,0,0,0,1,1,0,1,0
Hancock,0,0,0,5,0,0,0,0,0,0,0,0,2,0,4,0,5,0,0,0,1,0,0,0,0,0,0,0,0,0,2,2,0,0,2,1,0,0,0,3,0,0,0,0,0,1,0,1,0,0,1,4,1,0,0,1,0,0,0,0,0,0,0,1,0,1,0,0,0,0,0,0,0,0,0,0,0,0,1,0,1,0,0,0,0,0,0,0,1,2,0,0,0,0,0,0,0,0,0,1,0,0,0,0,0,1,0,2,0,0,1,0,0,0,0,0,0,1,0,0,0,0,1,0,0,2,0,0,0,0,2,2,0,2,0,0,0,0,0,0,0,0,1,0,0,1,0,1,0,2,1,0,0,0,0,0,0,1,0,0,0,1,0,1,0,0,0,0,0,0,2,0,0,0,1,1,0,4,1,0,1,1,0,0,0,0,0,0,0,1,0,0,0,5,0,1,0,0,0,0,0,0,0,0,0,0,0,0,0,0,0,0,0,0,0,0,1,0,0,1,0,6,0,0,0,0,0,0,1,0,0,1,2,0,0,0,0,0,0,0,0,1,0,0,0,0,2,0
Hyde Park,0,0,0,4,0,0,0,1,0,0,0,0,2,0,2,0,3,0,0,0,0,0,1,0,0,1,0,0,0,0,2,1,0,0,3,1,0,0,0,3,0,0,0,0,0,0,0,1,0,0,1,4,1,0,0,1,0,0,0,0,0,0,0,1,0,2,0,0,0,1,0,0,0,0,0,0,0,0,1,0,0,0,0,0,1,0,0,0,0,3,0,0,0,0,0,0,0,0,0,1,0,0,0,0,0,1,0,3,0,0,1,1,0,0,0,0,0,1,0,0,0,1,0,0,0,3,0,0,0,0,3,2,0,2,0,0,0,0,0,0,0,0,1,0,0,1,0,1,0,2,1,0,0,0,0,0,0,1,0,0,0,1,0,1,0,0,0,0,0,0,3,0,0,0,1,1,0,4,1,0,0,0,0,0,0,0,0,0,0,1,0,0,0,5,0,1,0,0,0,1,0,0,0,0,0,0,0,0,0,0,0,0,0,0,0,0,0,0,0,1,0,5,0,0,0,0,0,1,0,0,0,1,1,0,0,1,0,0,0,0,0,1,0,0,0,0,2,1
Mueller,0,0,0,5,0,0,1,0,1,0,0,1,0,0,4,0,5,0,0,0,1,0,1,0,0,0,0,0,0,0,3,1,0,0,2,0,0,0,0,0,0,0,0,1,0,0,0,2,0,0,1,8,0,1,0,0,0,0,0,0,0,0,0,0,0,1,0,0,0,1,0,0,1,0,0,0,0,0,1,1,0,0,1,0,0,0,0,0,0,1,0,0,1,0,0,0,0,0,0,1,0,0,0,1,0,0,0,4,0,0,0,1,0,0,0,0,0,1,0,0,0,0,0,0,0,1,0,0,0,0,1,1,0,2,0,0,0,1,0,0,0,0,4,0,0,0,0,2,0,3,0,0,0,0,0,0,0,1,0,0,0,0,0,0,0,1,0,0,0,0,3,0,0,0,2,0,0,3,1,0,0,1,1,0,0,0,0,0,0,3,0,0,0,1,0,1,0,0,0,0,0,0,0,0,0,0,1,0,0,0,0,0,0,0,0,0,0,0,0,0,0,6,0,0,0,0,0,1,1,0,0,1,1,0,0,0,0,1,0,0,0,0,1,0,0,0,0,0
North Burnet,0,0,0,3,0,0,0,0,0,0,1,0,0,0,1,0,5,0,0,0,0,0,0,0,0,2,0,1,0,0,0,4,0,1,4,0,0,0,0,0,0,0,0,0,0,0,0,0,0,3,1,5,0,0,0,0,0,0,0,0,1,1,0,1,2,0,0,0,0,0,0,0,0,0,1,0,0,0,0,3,0,0,0,0,0,0,0,0,0,1,0,0,0,0,2,0,0,0,0,0,0,0,0,0,1,0,0,1,0,0,3,0,0,0,0,1,0,0,0,0,0,0,4,0,0,2,0,2,0,0,3,0,1,0,0,0,0,0,0,1,0,1,1,0,0,0,0,1,0,2,1,0,0,0,0,0,0,0,1,0,0,0,0,4,1,1,0,0,0,0,3,0,0,0,0,0,0,2,0,0,0,0,0,0,0,0,0,0,0,0,0,3,0,3,0,0,0,0,0,0,0,1,0,0,0,0,0,0,0,0,0,1,0,2,0,0,0,0,0,2,0,2,0,0,0,0,0,2,0,0,0,0,1,0,0,0,0,0,0,1,0,1,0,0,0,1,0,0
North Shoal Creek,0,0,0,3,0,1,0,0,0,2,0,0,1,1,0,0,2,0,0,0,0,0,0,0,1,0,0,0,1,0,0,3,0,1,3,1,0,0,0,0,0,1,0,0,0,0,0,0,2,0,0,4,0,1,1,1,1,0,0,0,0,0,0,1,0,2,1,0,0,1,0,0,1,0,0,0,0,0,0,0,0,0,0,0,0,0,0,1,0,2,0,0,1,0,2,1,0,0,0,0,0,0,0,0,0,0,0,0,0,0,3,0,0,0,0,0,0,0,0,0,0,0,0,0,0,2,0,1,0,0,1,2,0,1,1,0,0,2,0,0,0,0,1,0,0,0,0,0,0,3,0,0,0,0,0,0,0,1,0,0,0,0,0,1,0,0,0,0,1,0,2,0,0,0,1,1,0,4,0,0,0,0,0,1,0,0,0,0,0,0,0,1,1,3,0,0,0,1,0,0,0,0,1,0,0,0,0,0,0,0,0,3,1,1,0,0,0,0,0,0,0,5,0,0,0,0,0,1,0,0,1,1,0,1,0,0,1,0,4,0,0,0,0,0,1,0,0,0
Oak Hill,0,0,0,5,0,0,0,0,0,1,0,0,2,2,1,0,2,0,0,0,0,0,0,1,0,0,0,0,0,0,0,0,0,0,2,0,0,0,1,1,1,0,0,0,0,0,0,0,0,0,0,4,0,0,0,0,0,0,0,0,0,0,0,0,0,2,0,0,1,0,0,0,0,0,0,0,0,0,0,2,0,0,0,0,1,0,0,0,1,0,0,0,0,1,0,0,0,0,1,0,0,0,0,0,0,0,0,4,0,0,4,1,0,1,0,1,0,0,0,0,0,0,1,0,0,1,0,0,0,0,2,0,0,1,0,0,0,0,0,0,0,0,1,0,0,2,0,1,0,2,0,0,0,0,0,0,0,2,0,0,1,0,0,1,0,0,1,0,0,0,2,0,0,0,3,1,0,6,0,0,0,0,0,0,0,0,0,2,0,0,0,0,1,5,0,0,0,0,2,0,1,0,0,1,0,0,0,1,0,1,0,0,0,0,0,0,0,0,0,1,0,2,0,0,0,0,0,1,0,0,1,0,3,0,0,0,0,3,0,1,0,0,0,1,1,0,1,1
Old West Austin,0,0,0,5,0,0,1,1,0,0,0,0,2,0,3,0,3,0,0,0,0,0,0,0,0,1,0,0,0,0,0,1,0,0,2,1,0,0,0,5,0,0,0,0,0,2,0,1,0,0,0,3,1,0,0,0,0,1,0,0,0,1,0,1,0,0,0,0,0,0,0,0,0,0,0,0,0,0,0,0,1,0,0,0,1,0,0,0,1,1,1,0,0,0,0,0,0,0,0,1,0,0,0,1,0,1,0,3,0,0,1,0,0,0,0,0,0,2,0,0,0,0,2,0,0,3,0,0,0,0,0,1,0,3,0,0,0,0,1,0,0,0,0,0,0,1,0,0,0,4,1,0,0,0,0,0,0,1,0,2,0,0,0,1,0,0,0,0,0,0,5,0,1,0,2,1,0,2,0,0,2,0,0,0,1,0,0,0,0,0,0,0,0,5,0,0,0,1,0,0,0,0,0,0,0,0,0,0,0,1,0,1,0,0,0,0,0,0,0,0,0,2,0,0,1,0,0,0,0,0,0,0,1,0,1,1,0,0,0,0,0,1,0,0,0,0,2,1
Onion Creek,0,0,0,0,0,1,0,0,1,0,0,1,1,0,1,0,1,0,0,0,0,0,0,1,0,1,0,0,0,0,1,1,0,0,0,0,0,0,0,0,0,0,0,0,0,0,0,0,2,2,0,2,0,0,0,0,2,3,0,1,0,0,0,0,0,0,0,0,0,0,1,1,1,0,0,1,0,0,0,2,0,0,0,0,0,0,0,0,0,1,0,0,0,1,0,0,0,0,2,0,0,0,0,1,0,0,0,1,1,0,2,0,0,1,0,0,0,0,0,0,0,0,0,0,0,1,0,0,0,0,0,1,1,0,0,1,0,0,0,0,0,0,2,1,0,0,0,0,1,4,0,0,1,0,1,0,0,1,0,0,0,0,0,0,0,0,0,0,0,0,4,0,0,0,1,1,0,7,1,0,0,0,0,0,0,0,0,0,0,0,0,0,0,2,1,0,0,0,1,0,1,0,0,1,1,0,0,0,0,2,0,1,0,2,1,0,0,0,0,0,0,0,0,0,1,0,1,0,0,0,0,0,0,0,0,0,0,0,1,1,0,0,0,0,1,0,0,0
Rosedale,0,0,0,3,0,0,0,0,0,1,0,0,2,1,2,0,3,0,0,0,0,0,1,0,0,1,0,0,0,0,1,1,0,0,5,1,0,0,0,2,0,0,0,0,0,0,0,1,0,0,1,7,0,0,0,1,0,0,0,0,0,0,0,1,0,0,0,0,0,0,0,0,0,0,0,0,0,0,0,0,0,0,0,0,2,0,0,0,0,4,0,0,0,0,0,0,0,0,0,1,0,0,0,0,0,1,0,2,0,1,1,1,0,0,0,0,0,1,0,0,0,0,0,0,0,3,0,0,0,0,4,2,0,2,0,0,0,1,0,0,0,0,0,0,0,1,0,0,0,2,1,0,0,0,0,0,0,0,0,0,0,1,0,1,0,0,0,0,0,0,5,0,0,0,1,2,0,4,0,0,0,0,0,0,0,0,1,0,0,1,0,0,0,5,0,0,0,0,0,1,0,0,0,0,0,0,0,0,0,0,0,0,0,0,0,0,0,1,0,1,0,3,0,0,0,0,0,2,0,0,1,0,1,0,0,1,0,0,0,0,0,1,0,0,0,0,2,1
Scenic Brook,0,0,0,4,0,0,1,0,0,1,0,0,4,0,1,0,3,1,0,0,0,0,0,0,0,0,0,0,0,0,0,0,0,0,1,0,0,1,1,0,0,0,0,0,0,0,0,0,0,0,0,2,0,0,0,0,1,1,0,0,0,0,0,0,0,0,0,0,1,0,0,1,0,0,0,0,0,0,0,1,0,1,0,0,1,0,0,0,0,0,0,0,0,0,0,0,0,0,1,0,0,0,0,1,0,0,0,1,1,0,2,0,0,0,0,0,0,0,0,0,0,0,2,0,0,2,0,0,0,0,0,0,0,1,0,0,0,0,0,0,0,0,0,0,0,0,0,0,0,2,0,0,1,0,0,0,0,1,0,0,0,1,0,0,0,0,1,0,0,0,2,0,0,0,1,1,0,4,0,0,0,0,0,0,0,0,0,3,0,1,0,0,0,2,0,0,0,0,1,0,0,0,0,0,0,0,0,0,0,1,0,0,0,0,0,0,0,0,0,1,0,0,0,0,0,0,0,1,0,0,1,0,3,0,0,0,0,2,0,0,0,0,0,1,1,0,0,0
South Congress,0,0,0,1,0,0,0,0,0,0,0,0,3,0,1,0,0,0,0,0,0,3,0,0,0,0,0,0,0,0,1,1,0,0,4,1,0,0,0,0,0,0,0,1,0,0,0,0,0,0,1,11,0,0,0,0,1,1,0,0,0,0,0,0,0,0,0,0,0,0,0,1,1,0,0,0,0,0,0,0,0,0,0,0,0,0,0,0,1,5,0,0,0,0,0,0,0,1,0,0,0,0,0,0,0,0,0,0,0,0,1,2,0,0,1,0,0,0,0,0,0,0,4,1,0,3,0,0,0,0,3,1,1,0,0,0,0,2,1,0,0,0,0,0,0,0,0,0,1,3,0,0,0,0,0,0,0,1,0,0,0,1,0,2,0,0,0,1,0,0,3,1,1,0,0,0,0,3,0,0,0,0,1,1,0,0,0,0,0,3,1,0,0,1,1,0,0,1,0,0,0,0,1,0,0,0,1,0,0,1,0,1,0,0,0,0,0,0,0,0,0,2,0,1,0,0,0,1,0,0,0,0,2,0,2,0,0,0,3,0,0,0,0,0,0,0,0,1
South Lamar,0,0,0,2,1,0,0,0,0,0,0,0,3,0,1,0,1,0,0,0,0,1,0,0,0,1,0,0,0,0,1,0,0,0,3,0,0,0,0,1,0,0,0,0,0,0,0,0,0,1,0,7,0,0,0,1,0,0,0,0,0,0,1,2,0,0,0,0,0,0,0,0,0,0,0,0,0,0,0,1,0,0,0,0,0,0,0,0,0,4,0,0,0,0,0,0,0,1,0,0,0,1,0,0,0,1,0,2,0,0,2,3,0,0,1,0,0,0,0,0,1,0,0,0,0,5,0,1,0,0,0,0,0,2,0,0,0,1,0,0,0,0,1,0,0,0,0,0,1,3,0,0,0,0,0,0,0,1,0,0,0,0,0,0,0,0,0,0,0,0,0,0,0,0,2,1,1,3,0,0,1,0,0,1,1,0,0,0,0,1,0,0,2,0,0,0,0,1,0,1,0,0,1,0,0,0,1,0,0,1,0,0,1,0,0,0,0,0,0,0,1,7,0,2,0,1,1,2,0,0,1,0,3,0,1,0,1,0,0,0,0,0,0,0,1,0,1,1
South River City,0,0,0,2,0,0,0,0,0,0,0,0,2,0,1,0,1,0,0,0,1,2,0,0,0,0,0,0,0,0,1,0,0,0,2,0,0,0,0,0,0,0,0,1,0,0,0,0,0,0,3,8,0,0,0,0,1,1,0,0,0,0,1,0,0,0,0,0,0,0,0,1,1,0,0,0,0,0,0,0,0,0,0,0,0,0,0,0,1,5,0,0,0,0,0,0,0,1,0,0,0,0,0,0,0,0,0,1,0,0,1,1,0,0,0,0,0,0,0,0,0,1,7,1,0,3,0,0,0,1,4,1,1,0,0,0,0,1,1,0,0,0,0,0,0,0,0,0,1,2,0,0,0,0,0,0,0,2,0,0,0,1,0,3,0,0,0,1,0,0,3,1,1,0,0,0,0,4,0,0,0,0,0,1,0,0,1,0,0,3,1,0,0,1,1,0,0,2,0,0,0,0,0,0,0,0,1,0,0,1,0,1,0,0,0,0,0,0,0,0,0,1,0,1,0,0,0,1,0,0,0,0,2,0,1,0,0,0,2,0,0,0,0,0,0,0,0,1
Tarrytown,0,0,0,4,0,0,0,0,0,0,0,0,2,0,1,0,3,0,0,0,0,0,0,0,0,1,0,0,0,0,0,1,0,0,2,1,0,0,0,4,0,0,0,0,0,0,0,0,0,0,0,4,1,0,0,0,0,1,0,0,0,1,0,1,0,0,0,0,0,0,0,1,0,0,0,0,0,0,0,0,0,0,0,0,2,0,0,0,1,2,0,0,0,0,0,0,0,0,0,1,0,0,0,1,0,1,0,1,0,1,1,0,0,0,0,0,0,1,0,0,0,0,1,0,0,3,0,0,0,0,2,1,0,2,0,0,0,0,1,0,0,0,0,0,0,1,0,0,0,5,1,0,0,0,0,0,1,0,0,2,0,0,0,1,0,0,0,0,0,0,7,0,0,0,1,3,0,2,0,0,1,0,0,0,1,0,1,0,0,0,1,0,0,6,1,0,0,1,0,0,0,0,0,0,0,0,0,0,0,1,0,0,0,0,0,0,0,1,0,1,0,2,0,0,1,1,0,0,0,0,0,0,2,0,1,1,0,0,0,0,0,1,0,0,0,0,2,1
Travis Heights,0,0,0,2,0,0,0,0,0,0,0,0,2,0,1,0,1,0,0,0,0,3,0,0,0,0,0,0,0,0,1,0,0,0,2,0,0,0,0,1,0,0,0,1,0,0,0,0,0,0,1,8,0,0,0,0,1,1,0,0,0,0,0,0,0,0,0,0,0,0,0,1,1,0,0,0,0,0,0,0,0,0,0,0,0,0,0,0,1,5,0,0,1,0,0,0,0,1,0,0,0,0,0,0,0,0,0,0,0,0,1,1,0,0,1,0,0,0,0,0,0,1,7,1,0,3,0,0,0,1,3,1,1,0,0,0,0,1,1,0,0,0,0,0,0,0,0,0,1,3,0,0,0,0,0,0,0,1,0,0,0,1,0,2,0,0,0,1,0,0,3,1,2,0,0,0,0,4,0,0,0,0,0,1,0,0,1,0,0,3,1,0,0,1,1,0,0,1,0,0,0,0,0,0,0,0,1,0,1,0,0,1,0,0,0,0,0,0,0,0,0,2,0,1,0,0,0,1,0,0,0,0,2,0,2,0,0,0,3,0,0,0,0,0,0,0,0,1
West Campus,0,0,0,6,0,0,0,0,0,0,0,0,3,0,2,0,5,0,0,0,0,0,0,0,1,1,0,0,0,0,0,1,0,0,1,1,0,0,0,4,0,0,0,0,0,2,0,1,1,0,2,4,1,0,0,0,0,0,0,0,0,1,1,1,0,0,2,0,0,0,0,0,0,0,0,0,0,0,1,0,1,0,0,0,1,0,0,0,0,2,0,0,0,0,1,0,0,0,0,1,0,0,0,0,0,1,0,4,0,0,2,1,0,0,0,0,0,1,0,0,0,0,3,1,0,3,0,0,0,0,2,1,0,2,0,0,0,0,0,0,0,0,0,0,0,0,0,0,0,2,1,0,0,0,0,0,0,1,0,0,0,0,0,2,0,0,0,0,0,0,2,0,1,0,1,1,0,1,0,0,1,0,0,0,1,0,0,0,0,2,0,0,0,3,0,0,0,1,0,0,0,0,0,0,0,0,0,0,0,1,0,1,0,1,0,0,0,0,0,0,0,2,0,0,0,0,0,0,1,0,0,0,1,0,1,0,0,0,0,0,0,1,0,0,0,0,2,0
Westgate,0,0,0,3,1,0,0,0,0,3,0,0,2,0,0,0,1,0,0,0,0,1,0,0,0,2,0,0,0,0,0,0,0,0,3,0,0,0,0,2,0,0,0,0,0,0,0,0,1,1,0,8,0,0,0,1,0,2,0,0,0,0,1,2,0,0,0,0,1,0,0,0,1,0,0,0,0,0,0,2,0,0,0,0,0,0,0,0,0,3,0,0,1,0,1,0,0,0,0,0,0,1,0,0,0,1,0,3,0,0,1,1,0,0,0,0,0,0,0,0,1,0,0,0,0,2,0,2,0,0,0,0,0,2,0,0,0,0,0,0,0,0,3,0,0,0,0,1,1,5,0,0,0,0,0,0,0,0,0,0,0,0,0,0,0,0,0,0,0,0,1,0,0,0,2,1,1,4,0,0,0,0,0,0,1,0,0,0,0,1,0,1,1,0,0,0,0,2,0,2,0,0,1,0,0,0,0,0,0,1,0,0,0,0,0,0,0,0,0,0,1,6,0,0,0,0,1,1,0,0,0,0,1,0,0,0,1,0,0,0,0,0,1,0,1,0,1,0
Windsor Hills,1,0,0,0,0,0,0,0,1,1,0,0,0,0,0,1,1,0,0,0,0,0,0,0,0,0,0,0,0,0,0,0,0,1,2,0,0,0,0,2,0,0,0,0,1,0,0,0,4,1,0,0,0,1,1,0,1,0,0,1,0,0,0,0,0,2,0,0,3,0,0,0,1,1,2,0,0,1,0,1,0,0,0,0,0,0,0,0,0,1,0,0,1,0,0,0,0,0,0,0,0,0,0,0,0,0,1,2,0,0,3,2,1,0,0,0,0,0,1,0,1,0,1,0,0,3,0,0,0,0,0,0,0,0,1,0,1,3,0,0,0,0,0,0,0,1,0,1,0,10,0,1,0,0,0,1,0,0,0,0,1,2,0,0,0,0,0,0,0,0,3,0,0,0,1,0,0,1,0,0,0,0,0,1,0,0,0,0,0,1,0,0,0,3,0,0,1,1,0,0,0,0,0,0,0,0,0,0,0,0,0,0,0,0,0,0,0,1,0,0,0,2,1,0,0,0,0,0,0,1,1,0,0,0,0,0,2,0,9,0,0,0,0,0,1,0,0,0
Windsor Park,0,0,0,4,0,0,0,0,0,0,0,0,1,0,5,0,2,0,0,0,1,1,1,0,0,1,0,0,0,0,3,3,0,0,4,0,0,0,0,1,0,0,0,0,0,0,0,1,1,0,1,7,0,0,0,1,1,0,0,0,0,0,0,0,0,1,0,0,1,1,0,0,1,0,0,0,0,0,1,3,0,0,1,0,0,0,0,0,0,1,0,0,0,0,0,0,0,0,0,0,0,0,0,1,0,0,0,1,0,0,0,1,0,0,0,0,0,0,0,0,0,0,0,0,0,2,0,0,0,0,0,1,0,2,0,0,0,2,0,0,1,0,3,0,0,1,0,2,0,4,1,0,0,0,0,0,0,1,0,0,0,0,0,0,0,0,0,0,0,0,3,0,0,0,1,0,0,3,1,0,0,0,0,0,0,0,0,0,0,2,0,0,0,2,0,1,0,0,0,0,0,0,0,1,0,0,0,0,0,0,0,0,0,0,0,0,0,0,0,1,0,3,0,0,0,0,0,1,1,1,1,1,1,0,0,0,1,0,1,0,0,0,1,0,0,0,1,0
Zilker,0,0,0,1,0,0,0,0,0,0,0,0,2,0,1,0,1,0,0,0,0,1,0,0,0,1,0,0,0,0,1,0,1,0,2,0,0,0,0,0,0,0,0,1,0,0,0,0,0,0,0,7,0,0,0,1,0,1,0,0,0,0,0,0,0,0,0,0,0,0,0,1,1,0,0,0,0,0,0,0,0,0,0,0,0,0,0,0,0,2,0,0,0,0,0,0,0,0,0,0,0,0,0,0,0,0,0,2,0,0,1,3,0,0,0,0,0,0,0,0,0,0,2,1,0,5,0,0,0,0,4,1,1,2,0,0,0,0,2,0,0,0,1,0,0,0,0,0,1,3,0,0,0,0,0,0,0,1,0,0,0,1,0,3,0,0,0,1,0,0,3,0,0,0,0,0,0,3,1,0,2,0,2,1,1,0,0,0,0,1,1,0,0,0,2,0,0,2,0,0,0,0,0,0,0,0,1,0,0,1,0,0,0,0,0,0,0,0,0,0,0,7,0,1,0,0,1,1,0,0,0,0,3,0,2,0,1,0,1,0,0,0,0,0,0,0,2,1
